<?xml version="1.0" encoding="UTF-8"?>
<!DOCTYPE hibernate-mapping PUBLIC 
"-//Hibernate/Hibernate Mapping DTD//EN"
"http://www.hibernate.org/dtd/hibernate-mapping-3.0.dtd">

<hibernate-mapping>
<class name="com.Pojo.Item" table="ItemTable">
<id name="itemcode"/>
<property name="itemname"/>
<property name="category"/>
<property name="buyingprice"/>
<joined-subclass name="com.Pojo.Product" table="ProductTbale">
<key column="itemcode"></key>
<property name="productId"/>
<property name="productName"/>
<property name="sellingprice">
</property>
<property name="availabalequatity"/>
<many-to-one name="uobj" class="com.Pojo.User" fetch="select">
<column name="Userid" not-null="true"></column>
</many-to-one>
</joined-subclass>
</class>
</hibernate-mapping>