<?xml version = "1.0" encoding = "utf-8"?>
<!DOCTYPE hibernate-mapping PUBLIC 
"-//Hibernate/Hibernate Mapping DTD//EN"
"http://www.hibernate.org/dtd/hibernate-mapping-3.0.dtd">

<hibernate-mapping>
<class name="com.Pojo.User" table="UserInfo">
<id name="userid"></id>
<property name="username"></property>
<property name="email"></property>
<property name="password"></property>
<property name="type"/>
<property name="supercoin"/>
<set name="plist" cascade="all" inverse="true" fetch="select">
<key>
<column name="userid"></column>
</key>
<one-to-many class="com.Pojo.Product"></one-to-many>
</set>
</class>
</hibernate-mapping>